,cisgender,man,woman,nonbinary,gender non-conforming,polygender,agender,genderfluid,transgender,transwoman,transman,genderqueer,androgynous
"[0, 3]","[4, 7]","[8, 11]","[12, 15]","[16, 19]","[20, 23]","[24, 27]","[28, 31]","[32, 35]","[36, 39]","[40, 43]","[44, 47]","[48, 51]","[52, 55]"
"[56, 59]","[60, 63]","[64, 67]","[68, 71]","[72, 75]","[76, 79]","[80, 83]","[84, 87]","[88, 91]","[92, 95]","[96, 99]","[100, 103]","[104, 107]","[108, 111]"
"[112, 115]","[116, 119]","[120, 123]","[124, 127]","[128, 131]","[132, 135]","[136, 139]","[140, 143]","[144, 147]","[148, 151]","[152, 155]","[156, 159]","[160, 163]","[164, 167]"
"[168, 171]","[172, 175]","[176, 179]","[180, 183]","[184, 187]","[188, 191]","[192, 195]","[196, 199]","[200, 203]","[204, 207]","[208, 211]","[212, 215]","[216, 219]","[220, 223]"
"[224, 227]","[228, 231]","[232, 235]","[236, 239]","[240, 243]","[244, 247]","[248, 251]","[252, 255]","[256, 259]","[260, 263]","[264, 267]","[268, 271]","[272, 275]","[276, 279]"
"[280, 283]","[284, 287]","[288, 291]","[292, 295]","[296, 299]","[300, 303]","[304, 307]","[308, 311]","[312, 315]","[316, 319]","[320, 323]","[324, 327]","[328, 331]","[332, 335]"
"[336, 339]","[340, 343]","[344, 347]","[348, 351]","[352, 355]","[356, 359]","[360, 363]","[364, 367]","[368, 371]","[372, 375]","[376, 379]","[380, 383]","[384, 387]","[388, 391]"
"[392, 395]","[396, 399]","[400, 403]","[404, 407]","[408, 411]","[412, 415]","[416, 419]","[420, 423]","[424, 427]","[428, 431]","[432, 435]","[436, 439]","[440, 443]","[444, 447]"
"[448, 451]","[452, 455]","[456, 459]","[460, 463]","[464, 467]","[468, 471]","[472, 475]","[476, 479]","[480, 483]","[484, 487]","[488, 491]","[492, 495]","[496, 499]","[500, 503]"
"[504, 507]","[508, 511]","[512, 515]","[516, 519]","[520, 523]","[524, 527]","[528, 531]","[532, 535]","[536, 539]","[540, 543]","[544, 547]","[548, 551]","[552, 555]","[556, 559]"
"[560, 563]","[564, 567]","[568, 571]","[572, 575]","[576, 579]","[580, 583]","[584, 587]","[588, 591]","[592, 595]","[596, 599]","[600, 603]","[604, 607]","[608, 611]","[612, 615]"
"[616, 619]","[620, 623]","[624, 627]","[628, 631]","[632, 635]","[636, 639]","[640, 643]","[644, 647]","[648, 651]","[652, 655]","[656, 659]","[660, 663]","[664, 667]","[668, 671]"
"[672, 675]","[676, 679]","[680, 683]","[684, 687]","[688, 691]","[692, 695]","[696, 699]","[700, 703]","[704, 707]","[708, 711]","[712, 715]","[716, 719]","[720, 723]","[724, 727]"
"[728, 731]","[732, 735]","[736, 739]","[740, 743]","[744, 747]","[748, 751]","[752, 755]","[756, 759]","[760, 763]","[764, 767]","[768, 771]","[772, 775]","[776, 779]","[780, 783]"
"[784, 787]","[788, 791]","[792, 795]","[796, 799]","[800, 803]","[804, 807]","[808, 811]","[812, 815]","[816, 819]","[820, 823]","[824, 827]","[828, 831]","[832, 835]","[836, 839]"
"[840, 843]","[844, 847]","[848, 851]","[852, 855]","[856, 859]","[860, 863]","[864, 867]","[868, 871]","[872, 875]","[876, 879]","[880, 883]","[884, 887]","[888, 891]","[892, 895]"
"[896, 899]","[900, 903]","[904, 907]","[908, 911]","[912, 915]","[916, 919]","[920, 923]","[924, 927]","[928, 931]","[932, 935]","[936, 939]","[940, 943]","[944, 947]","[948, 951]"
"[952, 955]","[956, 959]","[960, 963]","[964, 967]","[968, 971]","[972, 975]","[976, 979]","[980, 983]","[984, 987]","[988, 991]","[992, 995]","[996, 999]","[1000, 1003]","[1004, 1007]"
"[1008, 1011]","[1012, 1015]","[1016, 1019]","[1020, 1023]","[1024, 1027]","[1028, 1031]","[1032, 1035]","[1036, 1039]","[1040, 1043]","[1044, 1047]","[1048, 1051]","[1052, 1055]","[1056, 1059]","[1060, 1063]"
"[1064, 1067]","[1068, 1071]","[1072, 1075]","[1076, 1079]","[1080, 1083]","[1084, 1087]","[1088, 1091]","[1092, 1095]","[1096, 1099]","[1100, 1103]","[1104, 1107]","[1108, 1111]","[1112, 1115]","[1116, 1119]"
"[1120, 1123]","[1124, 1127]","[1128, 1131]","[1132, 1135]","[1136, 1139]","[1140, 1143]","[1144, 1147]","[1148, 1151]","[1152, 1155]","[1156, 1159]","[1160, 1163]","[1164, 1167]","[1168, 1171]","[1172, 1175]"
"[1176, 1179]","[1180, 1183]","[1184, 1187]","[1188, 1191]","[1192, 1195]","[1196, 1199]","[1200, 1203]","[1204, 1207]","[1208, 1211]","[1212, 1215]","[1216, 1219]","[1220, 1223]","[1224, 1227]","[1228, 1231]"
"[1232, 1235]","[1236, 1239]","[1240, 1243]","[1244, 1247]","[1248, 1251]","[1252, 1255]","[1256, 1259]","[1260, 1263]","[1264, 1267]","[1268, 1271]","[1272, 1275]","[1276, 1279]","[1280, 1283]","[1284, 1287]"
"[1288, 1291]","[1292, 1295]","[1296, 1299]","[1300, 1303]","[1304, 1307]","[1308, 1311]","[1312, 1315]","[1316, 1319]","[1320, 1323]","[1324, 1327]","[1328, 1331]","[1332, 1335]","[1336, 1339]","[1340, 1343]"
"[1344, 1347]","[1348, 1351]","[1352, 1355]","[1356, 1359]","[1360, 1363]","[1364, 1367]","[1368, 1371]","[1372, 1375]","[1376, 1379]","[1380, 1383]","[1384, 1387]","[1388, 1391]","[1392, 1395]","[1396, 1399]"
"[1400, 1403]","[1404, 1407]","[1408, 1411]","[1412, 1415]","[1416, 1419]","[1420, 1423]","[1424, 1427]","[1428, 1431]","[1432, 1435]","[1436, 1439]","[1440, 1443]","[1444, 1447]","[1448, 1451]","[1452, 1455]"
"[1456, 1459]","[1460, 1463]","[1464, 1467]","[1468, 1471]","[1472, 1475]","[1476, 1479]","[1480, 1483]","[1484, 1487]","[1488, 1491]","[1492, 1495]","[1496, 1499]","[1500, 1503]","[1504, 1507]","[1508, 1511]"
"[1512, 1515]","[1516, 1519]","[1520, 1523]","[1524, 1527]","[1528, 1531]","[1532, 1535]","[1536, 1539]","[1540, 1543]","[1544, 1547]","[1548, 1551]","[1552, 1555]","[1556, 1559]","[1560, 1563]","[1564, 1567]"
"[1568, 1571]","[1572, 1575]","[1576, 1579]","[1580, 1583]","[1584, 1587]","[1588, 1591]","[1592, 1595]","[1596, 1599]","[1600, 1603]","[1604, 1607]","[1608, 1611]","[1612, 1615]","[1616, 1619]","[1620, 1623]"
"[1624, 1627]","[1628, 1631]","[1632, 1635]","[1636, 1639]","[1640, 1643]","[1644, 1647]","[1648, 1651]","[1652, 1655]","[1656, 1659]","[1660, 1663]","[1664, 1667]","[1668, 1671]","[1672, 1675]","[1676, 1679]"
"[1680, 1683]","[1684, 1687]","[1688, 1691]","[1692, 1695]","[1696, 1699]","[1700, 1703]","[1704, 1707]","[1708, 1711]","[1712, 1715]","[1716, 1719]","[1720, 1723]","[1724, 1727]","[1728, 1731]","[1732, 1735]"
"[1736, 1739]","[1740, 1743]","[1744, 1747]","[1748, 1751]","[1752, 1755]","[1756, 1759]","[1760, 1763]","[1764, 1767]","[1768, 1771]","[1772, 1775]","[1776, 1779]","[1780, 1783]","[1784, 1787]","[1788, 1791]"
"[1792, 1795]","[1796, 1799]","[1800, 1803]","[1804, 1807]","[1808, 1811]","[1812, 1815]","[1816, 1819]","[1820, 1823]","[1824, 1827]","[1828, 1831]","[1832, 1835]","[1836, 1839]","[1840, 1843]","[1844, 1847]"
"[1848, 1851]","[1852, 1855]","[1856, 1859]","[1860, 1863]","[1864, 1867]","[1868, 1871]","[1872, 1875]","[1876, 1879]","[1880, 1883]","[1884, 1887]","[1888, 1891]","[1892, 1895]","[1896, 1899]","[1900, 1903]"
"[1904, 1907]","[1908, 1911]","[1912, 1915]","[1916, 1919]","[1920, 1923]","[1924, 1927]","[1928, 1931]","[1932, 1935]","[1936, 1939]","[1940, 1943]","[1944, 1947]","[1948, 1951]","[1952, 1955]","[1956, 1959]"
"[1960, 1963]","[1964, 1967]","[1968, 1971]","[1972, 1975]","[1976, 1979]","[1980, 1983]","[1984, 1987]","[1988, 1991]","[1992, 1995]","[1996, 1999]","[2000, 2003]","[2004, 2007]","[2008, 2011]","[2012, 2015]"
"[2016, 2019]","[2020, 2023]","[2024, 2027]","[2028, 2031]","[2032, 2035]","[2036, 2039]","[2040, 2043]","[2044, 2047]","[2048, 2051]","[2052, 2055]","[2056, 2059]","[2060, 2063]","[2064, 2067]","[2068, 2071]"
"[2072, 2075]","[2076, 2079]","[2080, 2083]","[2084, 2087]","[2088, 2091]","[2092, 2095]","[2096, 2099]","[2100, 2103]","[2104, 2107]","[2108, 2111]","[2112, 2115]","[2116, 2119]","[2120, 2123]","[2124, 2127]"
"[2128, 2131]","[2132, 2135]","[2136, 2139]","[2140, 2143]","[2144, 2147]","[2148, 2151]","[2152, 2155]","[2156, 2159]","[2160, 2163]","[2164, 2167]","[2168, 2171]","[2172, 2175]","[2176, 2179]","[2180, 2183]"
"[2184, 2187]","[2188, 2191]","[2192, 2195]","[2196, 2199]","[2200, 2203]","[2204, 2207]","[2208, 2211]","[2212, 2215]","[2216, 2219]","[2220, 2223]","[2224, 2227]","[2228, 2231]","[2232, 2235]","[2236, 2239]"
"[2240, 2243]","[2244, 2247]","[2248, 2251]","[2252, 2255]","[2256, 2259]","[2260, 2263]","[2264, 2267]","[2268, 2271]","[2272, 2275]","[2276, 2279]","[2280, 2283]","[2284, 2287]","[2288, 2291]","[2292, 2295]"
"[2296, 2299]","[2300, 2303]","[2304, 2307]","[2308, 2311]","[2312, 2315]","[2316, 2319]","[2320, 2323]","[2324, 2327]","[2328, 2331]","[2332, 2335]","[2336, 2339]","[2340, 2343]","[2344, 2347]","[2348, 2351]"
"[2368, 2371]",,"[2352, 2355]","[2356, 2359]",,,,,,,,,,
